{"cameraMode":{"drawMode":0,"name":"Shaded","section":"Shading Mode"},"sceneLighting":true,"audioPlay":false,"sceneViewState":{"m_AlwaysRefresh":false,"showFog":true,"showSkybox":true,"showFlares":true,"showImageEffects":true,"showParticleSystems":true,"showVisualEffectGraphs":true,"m_FxEnabled":true},"in2DMode":false,"pivot":{"x":129.07546997070313,"y":-73.16026306152344,"z":-4.5925140380859379},"rotation":{"x":0.06349730491638184,"y":0.9216669201850891,"z":-0.3425155282020569,"w":0.17086012661457063},"size":129.61167907714845,"orthographic":false}